{
    "countdown.tick": {
        "replace": "true",
        "sounds": [
            "hungrygames:countdown"
        ]
    },
    "countdown.end": {
        "replace": "true",
        "sounds": [
            "hungrygames:begin"
        ]
    },
    "interview": {
        "replace": "true",
        "sounds": [
            "hungrygames:interview_intro"
        ]
    },
    "fallen": {
        "replace": "true",
        "sounds": [
            "hungrygames:fallen"
        ]
    },
    "victory": {
        "replace": "true",
        "sounds": [
            "hungrygames:victory"
        ]
    }
}